trial_id,src_id,ra_deg,dec_deg,field,ccdid,qid,filtercode,exptime_s,delta_pre_s,delta_post_s,timing_distance_s,a_obsdate,a_filefracday,a_pid,a_imgtypecode,a_infobits,b_obsdate,b_filefracday,b_pid,b_imgtypecode,b_infobits,c_obsdate,c_filefracday,c_pid,c_imgtypecode,c_infobits
TS-T2B-ZTF-01,tile_RA116.031_DECp27.717:2085,116.351904399,28.0230488558,1660,6,3,zr,30.0,388.271,436.164,159.5928,2025-08-29 12:19:26.629+00,20250829513449,3162513492215,o,4194304,2025-08-29 12:25:54.9+00,20250829517951,3162517982215,o,4194304,2025-08-29 12:33:11.064+00,20250829522998,3162523042215,o,104857601
TS-T2B-ZTF-02,tile_RA122.762_DECp56.240:1336,122.5613960796,56.5930412653,784,11,2,zr,30.0,427.381,427.963,199.09479999999996,2020-06-12 04:15:52.773+00,20200612177685,1258177684115,o,0,2020-06-12 04:23:00.154+00,20200612182627,1258182634115,o,0,2020-06-12 04:30:08.117+00,20200612187581,1258187594115,o,0
TS-T2B-ZTF-03,tile_RA124.680_DECp26.727:572,124.2947133574,26.5417971327,616,9,4,zr,30.0,212.575,427.448,24.819200000000023,2019-01-31 05:25:09.659+00,20190131225799,760225793515,o,0,2019-01-31 05:28:42.234+00,20190131228252,760228263515,o,0,2019-01-31 05:35:49.682+00,20190131233206,760233203515,o,0
TS-T2B-ZTF-04,tile_RA126.855_DECp32.329:280,127.1809796685,31.9598951361,664,6,4,zr,30.0,246.206,454.627,35.99080000000001,2024-09-02 12:03:45.616+00,20240902502604,2801502602315,o,0,2024-09-02 12:07:51.822+00,20240902505451,2801505452315,o,0,2024-09-02 12:15:26.449+00,20240902510718,2801510712315,o,0
TS-T2B-ZTF-05,tile_RA151.490_DECp21.438:507,151.9250064882,21.3067667635,571,15,4,zr,30.0,339.094,430.037,108.73380000000003,2024-09-29 12:20:34.072+00,20240929514259,2828514275915,o,0,2024-09-29 12:26:13.166+00,20240929518183,2828518205915,o,0,2024-09-29 12:33:23.203+00,20240929523160,2828523185915,o,0
TS-T2B-ZTF-06,tile_RA153.826_DECp47.315:892,153.3822563794,47.6839531258,1789,3,3,zr,30.0,295.454,295.728,199.4028,2024-07-08 04:17:04.68+00,20240708178519,2745178511015,o,0,2024-07-08 04:22:00.134+00,20240708181933,2745181941015,o,0,2024-07-08 04:26:55.862+00,20240708185359,2745185351015,o,0
TS-T2B-ZTF-07,tile_RA154.709_DECp32.044:868,155.1609400149,32.4147829295,668,7,2,zr,30.0,204.792,409.241,50.809200000000004,2023-07-16 04:09:40.773+00,20230716173380,2387173372515,o,167772209,2023-07-16 04:13:05.565+00,20230716175741,2387175752515,o,167774208,2023-07-16 04:19:54.806+00,20230716180486,2387180482515,o,167774240
TS-T2B-ZTF-08,tile_RA160.223_DECp32.041:1277,160.7148188756,32.0104628495,668,5,4,zr,30.0,214.021,428.257,22.5642,2023-10-08 12:18:15.627+00,20231008512593,2471512671915,o,67108864,2023-10-08 12:21:49.648+00,20231008515069,2471515151915,o,67108864,2023-10-08 12:28:57.905+00,20231008520023,2471520101915,o,67108864
TS-T2B-ZTF-09,tile_RA171.876_DECp42.079:866,171.8181255999,42.4861776347,714,16,4,zr,30.0,416.927,417.624,198.9798,2020-07-22 04:12:32.302+00,20200722175046,1298175376315,o,0,2020-07-22 04:19:29.229+00,20200722180150,1298180196315,o,0,2020-07-22 04:26:26.853+00,20200722184977,1298185026315,o,0
TS-T2B-ZTF-10,tile_RA174.051_DECp31.978:659,174.5943372144,32.0468457018,670,6,4,zr,30.0,204.623,409.843,50.37619999999998,2022-08-03 03:48:16.186+00,20220803158507,2040158512315,o,0,2022-08-03 03:51:40.809+00,20220803160880,2040160872315,o,0,2022-08-03 03:58:30.652+00,20220803165625,2040165622315,o,0
TS-T2B-ZTF-11,tile_RA174.215_DECp31.956:1051,174.6079267532,32.0244337454,670,6,4,zr,30.0,204.623,409.843,50.37619999999998,2022-08-03 03:48:16.186+00,20220803158507,2040158512315,o,0,2022-08-03 03:51:40.809+00,20220803160880,2040160872315,o,0,2022-08-03 03:58:30.652+00,20220803165625,2040165622315,o,0
TS-T2B-ZTF-12,tile_RA174.852_DECp16.211:179,174.4641980202,15.8217663931,574,2,4,zr,30.0,219.383,439.344,20.28419999999997,2022-10-27 12:36:05.309+00,20221027525046,2125525050715,o,0,2022-10-27 12:39:44.692+00,20221027527593,2125527590715,o,0,2022-10-27 12:47:04.036+00,20221027532674,2125532670715,o,0
TS-T2B-ZTF-13,tile_RA174.852_DECp16.211:60,174.5208891118,15.74120693,574,2,4,zr,30.0,219.383,439.344,20.28419999999997,2022-10-27 12:36:05.309+00,20221027525046,2125525050715,o,0,2022-10-27 12:39:44.692+00,20221027527593,2125527590715,o,0,2022-10-27 12:47:04.036+00,20221027532674,2125532670715,o,0
TS-T2B-ZTF-14,tile_RA178.400_DECp25.947:195,178.8303463322,25.5577618862,624,8,1,zr,30.0,209.506,418.582,36.7542,2021-08-14 03:37:28.827+00,20210814151019,1686151012815,o,33554432,2021-08-14 03:40:58.333+00,20210814153438,1686153442815,o,33554432,2021-08-14 03:47:56.915+00,20210814158287,1686158282815,o,0
TS-T2B-ZTF-15,tile_RA183.780_DECp32.335:31,183.3564914102,31.9856960989,671,5,3,zr,30.0,209.214,419.364,36.26420000000002,2021-08-15 03:33:26.543+00,20210815148218,1687148211815,o,33554432,2021-08-15 03:36:55.757+00,20210815150637,1687150631815,o,33554432,2021-08-15 03:43:55.121+00,20210815155486,1687155491815,o,0
TS-T2B-ZTF-16,tile_RA188.616_DECp45.284:633,189.1909367128,45.1588298111,755,1,2,zr,30.0,79.0,431.0,154.8422,2018-04-13 06:24:52+00,20180413267268,467267260115,o,0,2018-04-13 06:26:11+00,20180413268183,467268180115,o,8,2018-04-13 06:33:22+00,20180413273113,467273170115,o,8
TS-T2B-ZTF-17,tile_RA193.420_DECp31.903:1206,193.7270580897,31.9832508727,673,8,4,zr,30.0,80.754,422.876,161.2122,2018-05-19 06:27:03.012+00,20180519268762,503268783115,o,0,2018-05-19 06:28:23.766+00,20180519269699,503269713115,o,0,2018-05-19 06:35:26.642+00,20180519274595,503274603115,o,0
TS-T2B-ZTF-18,tile_RA194.316_DECp32.331:75,194.7756677818,32.0095031718,673,7,3,zr,30.0,80.754,422.876,161.2122,2018-05-19 06:27:03.012+00,20180519268762,503268782615,o,0,2018-05-19 06:28:23.766+00,20180519269699,503269712615,o,0,2018-05-19 06:35:26.642+00,20180519274595,503274602615,o,0
TS-T2B-ZTF-19,tile_RA195.422_DECp32.356:174,194.9842553965,32.0704517808,673,7,3,zr,30.0,80.754,422.876,161.2122,2018-05-19 06:27:03.012+00,20180519268762,503268782615,o,0,2018-05-19 06:28:23.766+00,20180519269699,503269712615,o,0,2018-05-19 06:35:26.642+00,20180519274595,503274602615,o,0
TS-T2B-ZTF-20,tile_RA195.422_DECp32.356:98,194.8734616904,32.0272106926,673,7,3,zr,30.0,80.754,422.876,161.2122,2018-05-19 06:27:03.012+00,20180519268762,503268782615,o,0,2018-05-19 06:28:23.766+00,20180519269699,503269712615,o,0,2018-05-19 06:35:26.642+00,20180519274595,503274602615,o,0
TS-T2B-ZTF-21,tile_RA196.612_DECp6.119:1698,197.0028008818,6.5963393459,475,16,4,zr,30.0,250.238,478.495,63.89080000000001,2024-11-18 13:00:48.458+00,20241118542222,2878542226315,o,0,2024-11-18 13:04:58.696+00,20241118545116,2878545116315,o,0,2024-11-18 13:12:57.191+00,20241118550613,2878550656315,o,102760448
TS-T2B-ZTF-22,tile_RA196.623_DECp7.054:104,197.0027206801,6.5964151021,475,16,4,zr,30.0,250.238,478.495,63.89080000000001,2024-11-18 13:00:48.458+00,20241118542222,2878542226315,o,0,2024-11-18 13:04:58.696+00,20241118545116,2878545116315,o,0,2024-11-18 13:12:57.191+00,20241118550613,2878550656315,o,102760448
TS-T2B-ZTF-23,tile_RA196.981_DECp7.071:145,196.9764010483,6.6428209701,475,16,4,zr,30.0,250.238,478.495,63.89080000000001,2024-11-18 13:00:48.458+00,20241118542222,2878542226315,o,0,2024-11-18 13:04:58.696+00,20241118545116,2878545116315,o,0,2024-11-18 13:12:57.191+00,20241118550613,2878550656315,o,102760448
TS-T2B-ZTF-24,tile_RA20.433_DECp21.877:1551,20.6278781956,22.0959890505,553,16,1,zr,30.0,200.876,395.124,68.84219999999996,2019-10-25 06:33:54.186+00,20191025273507,1027273546015,o,0,2019-10-25 06:37:15.062+00,20191025275856,1027275856015,o,0,2019-10-25 06:43:50.186+00,20191025280440,1027280436015,o,0
TS-T2B-ZTF-25,tile_RA202.595_DECp47.205:1134,202.4236705978,47.3060449229,757,7,2,zg,30.0,79.0,410.0,175.8422,2018-03-31 09:23:48+00,20180331391482,454391522515,o,67108864,2018-03-31 09:25:07+00,20180331392442,454392442515,o,0,2018-03-31 09:31:57+00,20180331397188,454397182515,o,100663297
TS-T2B-ZTF-26,tile_RA214.713_DECp52.235:1353,215.3904073366,52.1904052765,792,2,1,zr,30.0,122.577,583.669,261.41519999999997,2018-04-24 05:25:38.972+00,20180424226134,478226130415,o,67108864,2018-04-24 05:27:41.549+00,20180424227558,478227550415,o,67108864,2018-04-24 05:37:25.218+00,20180424234282,478234310415,o,67108864
TS-T2B-ZTF-27,tile_RA214.811_DECp53.168:1436,215.522907676,53.1082102923,792,6,4,zr,30.0,79.251,654.231,375.30319999999995,2018-07-20 05:22:36.027+00,20180720223981,565224022315,o,0,2018-07-20 05:23:55.278+00,20180720224931,565224942315,o,0,2018-07-20 05:34:49.509+00,20180720232512,565232512315,o,0
TS-T2B-ZTF-28,tile_RA215.298_DECp38.450:648,214.9444001364,38.8211314287,719,8,4,zr,30.0,258.111,516.273,109.54180000000002,2023-10-04 02:48:12.783+00,20231004116806,2467116803115,o,0,2023-10-04 02:52:30.894+00,20231004119792,2467119793115,o,134217728,2023-10-04 03:01:07.167+00,20231004125764,2467125773115,o,0
TS-T2B-ZTF-29,tile_RA217.768_DECp44.372:762,218.2480093195,44.3152353382,758,1,3,zg,30.0,80.0,452.0,172.32319999999999,2018-03-31 09:26:27+00,20180331393356,454393360215,o,0,2018-03-31 09:27:47+00,20180331394282,454394290215,o,0,2018-03-31 09:35:19+00,20180331399514,454399520215,o,67108864
TS-T2B-ZTF-30,tile_RA218.700_DECp2.573:1103,218.4818519734,2.4789766666,478,3,2,zr,30.0,245.794,435.522,16.47380000000001,2025-12-06 13:28:04.822+00,20251206561134,3261561150915,o,0,2025-12-06 13:32:10.616+00,20251206563993,3261564000915,o,0,2025-12-06 13:39:26.138+00,20251206569028,3261569050915,o,1
TS-T2B-ZTF-31,tile_RA264.754_DECp26.740:2753,264.7909222143,27.0741539822,635,10,4,zr,30.0,227.606,420.852,16.38420000000002,2018-12-30 13:35:57.358+00,20181230566620,728566633915,o,0,2018-12-30 13:39:44.964+00,20181230569190,728569253915,o,0,2018-12-30 13:46:45.816+00,20181230574062,728574133915,o,0
TS-T2B-ZTF-32,tile_RA283.395_DECp33.345:866,283.4435863674,33.0153937856,684,6,2,zg,30.0,80.757,424.416,159.6692,2018-09-03 05:27:25.709+00,20180903227361,610227372115,o,0,2018-09-03 05:28:46.466+00,20180903228299,610228312115,o,0,2018-09-03 05:35:50.882+00,20180903233160,610233212115,o,0
TS-T2B-ZTF-33,tile_RA307.409_DECp40.547:701,307.3381856384,40.2236723665,729,5,2,zr,30.0,161.032,644.101,283.3922,2018-11-16 04:26:32.858+00,20181116185081,684185091715,o,100663344,2018-11-16 04:29:13.89+00,20181116186944,684186951715,o,67108912,2018-11-16 04:39:57.991+00,20181116194398,684194401715,o,67108912
TS-T2B-ZTF-34,tile_RA31.333_DECp32.501:3,31.9190823611,32.0252860174,652,6,3,zr,30.0,248.286,406.054,41.90880000000004,2019-06-14 11:03:54.083+00,20190614460972,894461032215,o,0,2019-06-14 11:08:02.369+00,20190614463854,894463912215,o,0,2019-06-14 11:14:48.423+00,20190614468553,894468612215,o,0
TS-T2B-ZTF-35,tile_RA314.551_DECp56.411:8627,314.1690607553,56.5379945103,801,10,2,zr,30.0,200.245,499.599,99.67719999999997,2018-11-27 05:17:37.014+00,20181127220428,695220563715,o,0,2018-11-27 05:20:57.259+00,20181127222847,695222883715,o,0,2018-11-27 05:29:16.858+00,20181127228600,695228653715,o,0
TS-T2B-ZTF-36,tile_RA349.516_DECp28.843:3264,349.8102248333,28.9219597121,647,16,3,zr,30.0,247.636,432.973,15.766800000000018,2024-04-23 11:47:39.629+00,20240423491412,2669491426215,o,0,2024-04-23 11:51:47.265+00,20240423494282,2669494296215,o,0,2024-04-23 11:59:00.238+00,20240423499294,2669499306215,o,0
TS-T2B-ZTF-37,tile_RA351.661_DECp14.647:2451,352.1143024959,14.6583090819,1595,8,1,zr,30.0,295.766,429.491,65.95180000000005,2026-05-03 11:48:26.707+00,20260503491968,3409491962815,o,0,2026-05-03 11:53:22.473+00,20260503495394,3409495392815,o,0,2026-05-03 12:00:31.964+00,20260503500359,3409500352815,o,0
TS-T2B-ZTF-38,tile_RA352.628_DECp14.636:2011,352.2333131268,14.7260084992,1595,8,1,zr,30.0,295.766,429.491,65.95180000000005,2026-05-03 11:48:26.707+00,20260503491968,3409491962815,o,0,2026-05-03 11:53:22.473+00,20260503495394,3409495392815,o,0,2026-05-03 12:00:31.964+00,20260503500359,3409500352815,o,0
TS-T2B-ZTF-39,tile_RA41.145_DECp27.430:1698,40.8915584871,27.7340491599,605,9,2,zr,30.0,238.402,443.723,17.28280000000001,2019-10-26 10:36:03.17+00,20191026441655,1028441703315,o,0,2019-10-26 10:40:01.572+00,20191026444421,1028444453315,o,0,2019-10-26 10:47:25.295+00,20191026449583,1028449593315,o,0
TS-T2B-ZTF-40,tile_RA65.091_DECp15.163:1317,65.5150403965,15.466146117,559,3,3,zr,30.0,209.301,418.625,36.9162,2022-04-20 03:22:28.573+00,20220420140602,1935140601015,o,8,2022-04-20 03:25:57.874+00,20220420143021,1935143021015,o,0,2022-04-20 03:32:56.499+00,20220420147859,1935147871015,o,0
TS-T2B-ZTF-41,tile_RA94.513_DECp56.641:3409,94.3210773961,57.0017623853,1816,6,4,zr,30.0,380.325,426.818,153.18380000000002,2025-07-24 11:49:40.523+00,20250724492685,3126492822315,o,0,2025-07-24 11:56:00.848+00,20250724497176,3126497222315,o,0,2025-07-24 12:03:07.666+00,20250724502118,3126502162315,o,1
