src_id,ra_deg,dec_deg,sector,sectorName,camera,ccd,ffi_cadence_s,selection_rule
tile_RA116.031_DECp27.717:2085,116.351904399,28.0230488558,71,tess-s0071-4-1,4,1,200,SHORTEST_AVAILABLE_CADENCE_THEN_EARLIEST_SECTOR
tile_RA122.762_DECp56.240:1336,122.5613960796,56.5930412653,60,tess-s0060-2-4,2,4,200,SHORTEST_AVAILABLE_CADENCE_THEN_EARLIEST_SECTOR
tile_RA122.762_DECp56.240:1372,122.4708390856,56.5872995862,60,tess-s0060-2-4,2,4,200,SHORTEST_AVAILABLE_CADENCE_THEN_EARLIEST_SECTOR
tile_RA124.680_DECp26.727:572,124.2947133574,26.5417971327,71,tess-s0071-4-4,4,4,200,SHORTEST_AVAILABLE_CADENCE_THEN_EARLIEST_SECTOR
tile_RA126.855_DECp32.329:280,127.1809796685,31.9598951361,44,tess-s0044-4-1,4,1,600,SHORTEST_AVAILABLE_CADENCE_THEN_EARLIEST_SECTOR
tile_RA151.490_DECp21.438:507,151.9250064882,21.3067667635,72,tess-s0072-3-4,3,4,200,SHORTEST_AVAILABLE_CADENCE_THEN_EARLIEST_SECTOR
tile_RA153.826_DECp47.315:892,153.3822563794,47.6839531258,48,tess-s0048-2-3,2,3,600,SHORTEST_AVAILABLE_CADENCE_THEN_EARLIEST_SECTOR
tile_RA154.709_DECp32.044:868,155.1609400149,32.4147829295,48,tess-s0048-1-1,1,1,600,SHORTEST_AVAILABLE_CADENCE_THEN_EARLIEST_SECTOR
tile_RA160.223_DECp32.041:1277,160.7148188756,32.0104628495,48,tess-s0048-1-1,1,1,600,SHORTEST_AVAILABLE_CADENCE_THEN_EARLIEST_SECTOR
tile_RA171.876_DECp42.079:866,171.8181255999,42.4861776347,75,tess-s0075-1-4,1,4,200,SHORTEST_AVAILABLE_CADENCE_THEN_EARLIEST_SECTOR
tile_RA174.051_DECp31.978:659,174.5943372144,32.0468457018,49,tess-s0049-1-2,1,2,600,SHORTEST_AVAILABLE_CADENCE_THEN_EARLIEST_SECTOR
tile_RA174.215_DECp31.956:1051,174.6079267532,32.0244337454,49,tess-s0049-1-2,1,2,600,SHORTEST_AVAILABLE_CADENCE_THEN_EARLIEST_SECTOR
tile_RA174.852_DECp16.211:179,174.4641980202,15.8217663931,45,tess-s0045-4-4,4,4,600,SHORTEST_AVAILABLE_CADENCE_THEN_EARLIEST_SECTOR
tile_RA174.852_DECp16.211:60,174.5208891118,15.74120693,45,tess-s0045-4-4,4,4,600,SHORTEST_AVAILABLE_CADENCE_THEN_EARLIEST_SECTOR
tile_RA178.400_DECp25.947:195,178.8303463322,25.5577618862,49,tess-s0049-1-2,1,2,600,SHORTEST_AVAILABLE_CADENCE_THEN_EARLIEST_SECTOR
tile_RA183.780_DECp32.335:31,183.3564914102,31.9856960989,49,tess-s0049-2-3,2,3,600,SHORTEST_AVAILABLE_CADENCE_THEN_EARLIEST_SECTOR
tile_RA188.616_DECp45.284:633,189.1909367128,45.1588298111,76,tess-s0076-1-3,1,3,200,SHORTEST_AVAILABLE_CADENCE_THEN_EARLIEST_SECTOR
tile_RA193.420_DECp31.903:1206,193.7270580897,31.9832508727,49,tess-s0049-2-4,2,4,600,SHORTEST_AVAILABLE_CADENCE_THEN_EARLIEST_SECTOR
tile_RA194.316_DECp32.331:75,194.7756677818,32.0095031718,49,tess-s0049-2-4,2,4,600,SHORTEST_AVAILABLE_CADENCE_THEN_EARLIEST_SECTOR
tile_RA195.422_DECp32.356:174,194.9842553965,32.0704517808,49,tess-s0049-2-4,2,4,600,SHORTEST_AVAILABLE_CADENCE_THEN_EARLIEST_SECTOR
tile_RA195.422_DECp32.356:98,194.8734616904,32.0272106926,49,tess-s0049-2-4,2,4,600,SHORTEST_AVAILABLE_CADENCE_THEN_EARLIEST_SECTOR
tile_RA196.612_DECp6.119:1698,197.0028008818,6.5963393459,46,tess-s0046-4-4,4,4,600,SHORTEST_AVAILABLE_CADENCE_THEN_EARLIEST_SECTOR
tile_RA196.623_DECp7.054:104,197.0027206801,6.5964151021,46,tess-s0046-4-4,4,4,600,SHORTEST_AVAILABLE_CADENCE_THEN_EARLIEST_SECTOR
tile_RA196.981_DECp7.071:145,196.9764010483,6.6428209701,46,tess-s0046-4-4,4,4,600,SHORTEST_AVAILABLE_CADENCE_THEN_EARLIEST_SECTOR
tile_RA20.433_DECp21.877:1551,20.6278781956,22.0959890505,57,tess-s0057-1-4,1,4,200,SHORTEST_AVAILABLE_CADENCE_THEN_EARLIEST_SECTOR
tile_RA202.595_DECp47.205:1134,202.4236705978,47.3060449229,76,tess-s0076-1-1,1,1,200,SHORTEST_AVAILABLE_CADENCE_THEN_EARLIEST_SECTOR
tile_RA214.713_DECp52.235:1353,215.3904073366,52.1904052765,76,tess-s0076-2-4,2,4,200,SHORTEST_AVAILABLE_CADENCE_THEN_EARLIEST_SECTOR
tile_RA214.811_DECp53.168:1436,215.522907676,53.1082102923,76,tess-s0076-2-4,2,4,200,SHORTEST_AVAILABLE_CADENCE_THEN_EARLIEST_SECTOR
tile_RA215.298_DECp38.450:648,214.9444001364,38.8211314287,77,tess-s0077-1-2,1,2,200,SHORTEST_AVAILABLE_CADENCE_THEN_EARLIEST_SECTOR
tile_RA217.768_DECp44.372:762,218.2480093195,44.3152353382,77,tess-s0077-1-2,1,2,200,SHORTEST_AVAILABLE_CADENCE_THEN_EARLIEST_SECTOR
tile_RA218.700_DECp2.573:1103,218.4818519734,2.4789766666,51,tess-s0051-1-3,1,3,600,SHORTEST_AVAILABLE_CADENCE_THEN_EARLIEST_SECTOR
tile_RA264.754_DECp26.740:2753,264.7909222143,27.0741539822,79,tess-s0079-1-1,1,1,200,SHORTEST_AVAILABLE_CADENCE_THEN_EARLIEST_SECTOR
tile_RA283.395_DECp33.345:866,283.4435863674,33.0153937856,74,tess-s0074-4-3,4,3,200,SHORTEST_AVAILABLE_CADENCE_THEN_EARLIEST_SECTOR
tile_RA307.409_DECp40.547:701,307.3381856384,40.2236723665,75,tess-s0075-4-4,4,4,200,SHORTEST_AVAILABLE_CADENCE_THEN_EARLIEST_SECTOR
tile_RA31.333_DECp32.501:3,31.9190823611,32.0252860174,58,tess-s0058-1-3,1,3,200,SHORTEST_AVAILABLE_CADENCE_THEN_EARLIEST_SECTOR
tile_RA314.551_DECp56.411:8627,314.1690607553,56.5379945103,56,tess-s0056-3-2,3,2,200,SHORTEST_AVAILABLE_CADENCE_THEN_EARLIEST_SECTOR
tile_RA349.516_DECp28.843:3264,349.8102248333,28.9219597121,56,tess-s0056-1-1,1,1,200,SHORTEST_AVAILABLE_CADENCE_THEN_EARLIEST_SECTOR
tile_RA351.661_DECp14.647:2451,352.1143024959,14.6583090819,56,tess-s0056-1-4,1,4,200,SHORTEST_AVAILABLE_CADENCE_THEN_EARLIEST_SECTOR
tile_RA352.628_DECp14.636:2011,352.2333131268,14.7260084992,56,tess-s0056-1-4,1,4,200,SHORTEST_AVAILABLE_CADENCE_THEN_EARLIEST_SECTOR
tile_RA41.145_DECp27.430:1698,40.8915584871,27.7340491599,58,tess-s0058-1-3,1,3,200,SHORTEST_AVAILABLE_CADENCE_THEN_EARLIEST_SECTOR
tile_RA65.091_DECp15.163:1317,65.5150403965,15.466146117,70,tess-s0070-4-3,4,3,200,SHORTEST_AVAILABLE_CADENCE_THEN_EARLIEST_SECTOR
tile_RA94.513_DECp56.641:3409,94.3210773961,57.0017623853,60,tess-s0060-2-3,2,3,200,SHORTEST_AVAILABLE_CADENCE_THEN_EARLIEST_SECTOR
